time,总长,ID,实际长度,和校验
2025-03-04 06:51:33.571000+00:00,"0x09,0xc4","0x01,0x97,0x78,0x01,0x00,0x00,0x0f,0x61,0x2b,0x0c,","0x09,0xc4,",0x21
2025-03-04 06:51:33.571000+00:00,"0x09,0xc4","0x01,0x97,0x78,0x01,0x00,0x00,0x0f,0x61,0x2b,0x0c,","0x09,0xc4,",0x21
2025-03-04 06:51:33.571000+00:00,"0x09,0xc4","0x01,0x97,0x78,0x01,0x00,0x00,0x0f,0x61,0x2b,0x0c,","0x09,0xc4,",0x21
2025-03-04 06:51:33.571000+00:00,"0x09,0xc4","0x01,0x97,0x78,0x01,0x00,0x00,0x0f,0x61,0x2b,0x0c,","0x09,0xc4,",0x21
2025-03-04 06:51:33.571000+00:00,"0x09,0xc4","0x01,0x97,0x78,0x01,0x00,0x00,0x0f,0x61,0x2b,0x0c,","0x09,0xc4,",0x21
2025-03-04 06:51:33.571000+00:00,"0x09,0xc4","0x01,0x97,0x78,0x01,0x00,0x00,0x0f,0x61,0x2b,0x0c,","0x09,0xc4,",0x21
2025-03-04 06:51:33.571000+00:00,"0x09,0xc4","0x01,0x97,0x78,0x01,0x00,0x00,0x0f,0x61,0x2b,0x0c,","0x09,0xc4,",0x21
2025-03-04 06:51:33.571000+00:00,"0x09,0xc4","0x01,0x97,0x78,0x01,0x00,0x00,0x0f,0x61,0x2b,0x0c,","0x09,0xc4,",0x21
2025-03-04 06:51:33.571000+00:00,"0x09,0xc4","0x01,0x97,0x78,0x01,0x00,0x00,0x0f,0x61,0x2b,0x0c,","0x09,0xc4,",0x21
2025-03-04 06:51:33.571000+00:00,"0x09,0xc4","0x01,0x97,0x78,0x01,0x00,0x00,0x0f,0x61,0x2b,0x0c,","0x09,0xc4,",0x21
2025-03-04 06:51:33.571000+00:00,"0x09,0xc4","0x01,0x97,0x78,0x01,0x00,0x00,0x0f,0x61,0x2b,0x0c,","0x09,0xc4,",0x21
2025-03-04 06:51:33.571000+00:00,"0x09,0xc4","0x01,0x97,0x78,0x01,0x00,0x00,0x0f,0x61,0x2b,0x0c,","0x09,0xc4,",0x21
2025-03-04 06:51:33.571000+00:00,"0x09,0xc4","0x01,0x97,0x78,0x01,0x00,0x00,0x0f,0x61,0x2b,0x0c,","0x09,0xc4,",0x21
2025-03-04 06:51:56.580000+00:00,"0x09,0xc4","0x02,0x97,0x78,0x01,0x00,0x00,0x0f,0x61,0x20,0x0c,","0x09,0xc4,",0x16
2025-03-04 06:51:56.580000+00:00,"0x09,0xc4","0x02,0x97,0x78,0x01,0x00,0x00,0x0f,0x61,0x20,0x0c,","0x09,0xc4,",0x16
2025-03-04 06:51:56.580000+00:00,"0x09,0xc4","0x02,0x97,0x78,0x01,0x00,0x00,0x0f,0x61,0x20,0x0c,","0x09,0xc4,",0x16
2025-03-04 06:51:56.580000+00:00,"0x09,0xc4","0x02,0x97,0x78,0x01,0x00,0x00,0x0f,0x61,0x20,0x0c,","0x09,0xc4,",0x16
2025-03-04 06:51:56.580000+00:00,"0x09,0xc4","0x02,0x97,0x78,0x01,0x00,0x00,0x0f,0x61,0x20,0x0c,","0x09,0xc4,",0x16
2025-03-04 06:51:56.580000+00:00,"0x09,0xc4","0x02,0x97,0x78,0x01,0x00,0x00,0x0f,0x61,0x20,0x0c,","0x09,0xc4,",0x16
2025-03-04 06:51:56.580000+00:00,"0x09,0xc4","0x02,0x97,0x78,0x01,0x00,0x00,0x0f,0x61,0x20,0x0c,","0x09,0xc4,",0x16
2025-03-04 06:51:56.580000+00:00,"0x09,0xc4","0x02,0x97,0x78,0x01,0x00,0x00,0x0f,0x61,0x20,0x0c,","0x09,0xc4,",0x16
2025-03-04 06:51:56.580000+00:00,"0x09,0xc4","0x02,0x97,0x78,0x01,0x00,0x00,0x0f,0x61,0x20,0x0c,","0x09,0xc4,",0x16
2025-03-04 06:51:56.580000+00:00,"0x09,0xc4","0x02,0x97,0x78,0x01,0x00,0x00,0x0f,0x61,0x20,0x0c,","0x09,0xc4,",0x16
2025-03-04 06:51:56.580000+00:00,"0x09,0xc4","0x02,0x97,0x78,0x01,0x00,0x00,0x0f,0x61,0x20,0x0c,","0x09,0xc4,",0x16
2025-03-04 06:51:56.580000+00:00,"0x09,0xc4","0x02,0x97,0x78,0x01,0x00,0x00,0x0f,0x61,0x20,0x0c,","0x09,0xc4,",0x16
2025-03-04 06:51:56.580000+00:00,"0x09,0xc4","0x02,0x97,0x78,0x01,0x00,0x00,0x0f,0x61,0x20,0x0c,","0x09,0xc4,",0x16
2025-03-04 06:52:19.581000+00:00,"0x09,0xc4","0x03,0x97,0x78,0x01,0x00,0x00,0x0f,0x61,0x2a,0x0c,","0x09,0xc4,",0x20
2025-03-04 06:52:19.581000+00:00,"0x09,0xc4","0x03,0x97,0x78,0x01,0x00,0x00,0x0f,0x61,0x2a,0x0c,","0x09,0xc4,",0x20
2025-03-04 06:52:19.581000+00:00,"0x09,0xc4","0x03,0x97,0x78,0x01,0x00,0x00,0x0f,0x61,0x2a,0x0c,","0x09,0xc4,",0x20
2025-03-04 06:52:19.581000+00:00,"0x09,0xc4","0x03,0x97,0x78,0x01,0x00,0x00,0x0f,0x61,0x2a,0x0c,","0x09,0xc4,",0x20
2025-03-04 06:52:19.581000+00:00,"0x09,0xc4","0x03,0x97,0x78,0x01,0x00,0x00,0x0f,0x61,0x2a,0x0c,","0x09,0xc4,",0x20
2025-03-04 06:52:19.581000+00:00,"0x09,0xc4","0x03,0x97,0x78,0x01,0x00,0x00,0x0f,0x61,0x2a,0x0c,","0x09,0xc4,",0x20
2025-03-04 06:52:19.581000+00:00,"0x09,0xc4","0x03,0x97,0x78,0x01,0x00,0x00,0x0f,0x61,0x2a,0x0c,","0x09,0xc4,",0x20
2025-03-04 06:52:19.581000+00:00,"0x09,0xc4","0x03,0x97,0x78,0x01,0x00,0x00,0x0f,0x61,0x2a,0x0c,","0x09,0xc4,",0x20
2025-03-04 06:52:19.581000+00:00,"0x09,0xc4","0x03,0x97,0x78,0x01,0x00,0x00,0x0f,0x61,0x2a,0x0c,","0x09,0xc4,",0x20
2025-03-04 06:52:19.581000+00:00,"0x09,0xc4","0x03,0x97,0x78,0x01,0x00,0x00,0x0f,0x61,0x2a,0x0c,","0x09,0xc4,",0x20
2025-03-04 06:52:19.581000+00:00,"0x09,0xc4","0x03,0x97,0x78,0x01,0x00,0x00,0x0f,0x61,0x2a,0x0c,","0x09,0xc4,",0x20
2025-03-04 06:52:19.581000+00:00,"0x09,0xc4","0x03,0x97,0x78,0x01,0x00,0x00,0x0f,0x61,0x2a,0x0c,","0x09,0xc4,",0x20
2025-03-04 06:52:19.581000+00:00,"0x09,0xc4","0x03,0x97,0x78,0x01,0x00,0x00,0x0f,0x61,0x2a,0x0c,","0x09,0xc4,",0x20
2025-03-04 06:52:42.590000+00:00,"0x09,0xc4","0x04,0x97,0x78,0x01,0x00,0x00,0x0f,0x61,0x28,0x0c,","0x09,0x60,",0xba
2025-03-04 06:52:42.590000+00:00,"0x09,0xc4","0x04,0x97,0x78,0x01,0x00,0x00,0x0f,0x61,0x28,0x0c,","0x09,0x60,",0xba
2025-03-04 06:52:42.590000+00:00,"0x09,0xc4","0x04,0x97,0x78,0x01,0x00,0x00,0x0f,0x61,0x28,0x0c,","0x09,0x60,",0xba
2025-03-04 06:52:42.590000+00:00,"0x09,0xc4","0x04,0x97,0x78,0x01,0x00,0x00,0x0f,0x61,0x28,0x0c,","0x09,0x60,",0xba
2025-03-04 06:52:42.590000+00:00,"0x09,0xc4","0x04,0x97,0x78,0x01,0x00,0x00,0x0f,0x61,0x28,0x0c,","0x09,0x60,",0xba
2025-03-04 06:52:42.590000+00:00,"0x09,0xc4","0x04,0x97,0x78,0x01,0x00,0x00,0x0f,0x61,0x28,0x0c,","0x09,0x60,",0xba
2025-03-04 06:52:42.590000+00:00,"0x09,0xc4","0x04,0x97,0x78,0x01,0x00,0x00,0x0f,0x61,0x28,0x0c,","0x09,0x60,",0xba
2025-03-04 06:52:42.590000+00:00,"0x09,0xc4","0x04,0x97,0x78,0x01,0x00,0x00,0x0f,0x61,0x28,0x0c,","0x09,0x60,",0xba
2025-03-04 06:52:42.590000+00:00,"0x09,0xc4","0x04,0x97,0x78,0x01,0x00,0x00,0x0f,0x61,0x28,0x0c,","0x09,0x60,",0xba
2025-03-04 06:52:42.590000+00:00,"0x09,0xc4","0x04,0x97,0x78,0x01,0x00,0x00,0x0f,0x61,0x28,0x0c,","0x09,0x60,",0xba
2025-03-04 06:52:42.590000+00:00,"0x09,0xc4","0x04,0x97,0x78,0x01,0x00,0x00,0x0f,0x61,0x28,0x0c,","0x09,0x60,",0xba
2025-03-04 06:52:42.590000+00:00,"0x09,0xc4","0x04,0x97,0x78,0x01,0x00,0x00,0x0f,0x61,0x28,0x0c,","0x09,0x60,",0xba
2025-03-04 06:52:42.590000+00:00,"0x09,0xc4","0x04,0x97,0x78,0x01,0x00,0x00,0x0f,0x61,0x28,0x0c,","0x09,0x60,",0xba
